{"cameraMode":{"drawMode":0,"name":"Shaded","section":"Shading Mode"},"sceneLighting":false,"audioPlay":false,"sceneViewState":{"showFog":true,"showMaterialUpdate":false,"showSkybox":false,"showFlares":true,"showImageEffects":true,"showParticleSystems":true},"in2DMode":false,"pivot":{"x":7.917898178100586,"y":0.2430863380432129,"z":0.3220500946044922},"rotation":{"x":-0.11941947788000107,"y":-0.19259528815746308,"z":0.02250790223479271,"w":-0.9737999439239502},"size":12.403646469116211,"orthographic":false}