{"cameraMode":{"drawMode":0,"name":"Shaded","section":"Shading Mode"},"sceneLighting":false,"audioPlay":false,"sceneViewState":{"showFog":true,"showMaterialUpdate":false,"showSkybox":false,"showFlares":true,"showImageEffects":true,"showParticleSystems":true},"in2DMode":false,"pivot":{"x":-27.418367385864259,"y":1.183915376663208,"z":12.92367172241211},"rotation":{"x":0.03423640877008438,"y":-0.8838395476341248,"z":0.06869417428970337,"w":0.46167969703674319},"size":0.6062871217727661,"orthographic":false}