{"cameraMode":{"drawMode":0,"name":"Shaded","section":"Shading Mode"},"sceneLighting":false,"audioPlay":false,"sceneViewState":{"showFog":true,"showMaterialUpdate":false,"showSkybox":false,"showFlares":true,"showImageEffects":true,"showParticleSystems":true},"in2DMode":false,"pivot":{"x":-0.023033857345581056,"y":0.8724545240402222,"z":-0.010048575699329377},"rotation":{"x":0.04496213421225548,"y":0.9548133611679077,"z":-0.17515623569488526,"w":0.23638048768043519},"size":1.122314691543579,"orthographic":false}